State,County,FIPS_code,count,avg_site_score,sum_site_score
CA,Santa Clara,6085.0,23.0,34.124347826086954,784.86
CA,Los Angeles,6037.0,17.0,41.48823529411764,705.3
MA,Middlesex,25017.0,13.0,53.22615384615385,691.94
PA,Montgomery,42091.0,16.0,42.944375,687.11
NJ,Middlesex,34023.0,14.0,47.424285714285716,663.94
NY,Nassau,36059.0,14.0,43.13142857142857,603.84
TX,Harris,48201.0,12.0,48.199999999999996,578.4
WA,King,53033.0,10.0,49.711,497.11
NJ,Camden,34007.0,10.0,48.489,484.89
FL,Hillsborough,12057.0,10.0,46.798,467.98
NJ,Monmouth,34025.0,10.0,46.065999999999995,460.65999999999997
PA,Berks,42011.0,11.0,40.46909090909091,445.16
NJ,Gloucester,34015.0,8.0,55.23,441.84
NY,Suffolk,36103.0,10.0,42.797000000000004,427.97
NJ,Burlington,34005.0,11.0,38.36272727272728,421.99
PA,Bucks,42017.0,9.0,43.27111111111111,389.44
NJ,Morris,34027.0,9.0,42.68111111111111,384.13
PA,Chester,42029.0,10.0,38.227,382.27
NH,Rockingham,33015.0,8.0,47.26625,378.13
NJ,Bergen,34003.0,8.0,46.06625,368.53
DE,New Castle,10003.0,9.0,39.79222222222222,358.13
NJ,Essex,34013.0,8.0,44.7475,357.98
WA,Kitsap,53035.0,8.0,44.06,352.48
WA,Spokane,53063.0,9.0,38.27666666666667,344.49
MI,Muskegon,26121.0,8.0,42.745,341.96
RI,Providence,44007.0,7.0,48.53857142857142,339.77
MI,Kent,26081.0,8.0,39.0,312.0
IN,Lake,18089.0,8.0,38.5525,308.42
TN,Shelby,47157.0,6.0,49.333333333333336,296.0
FL,Duval,12031.0,6.0,46.71666666666666,280.29999999999995
IN,Elkhart,18039.0,6.0,44.595,267.57
MA,Bristol,25005.0,6.0,44.413333333333334,266.48
NJ,Ocean,34029.0,5.0,52.036,260.18
MO,Washington,29221.0,4.0,63.405,253.62
OH,Montgomery,39113.0,6.0,41.96666666666667,251.8
FL,Miami-Dade,12086.0,6.0,41.89666666666667,251.38
NJ,Somerset,34035.0,6.0,40.93333333333333,245.6
NJ,Atlantic,34001.0,6.0,40.846666666666664,245.07999999999998
WA,Pierce,53053.0,6.0,40.27166666666667,241.63
UT,Salt Lake,49035.0,5.0,44.948,224.74
CA,Fresno,6019.0,5.0,44.87,224.35
IL,Winnebago,17201.0,5.0,43.644,218.22
NY,Dutchess,36027.0,5.0,43.364,216.82
FL,Broward,12011.0,5.0,43.272000000000006,216.36
OH,Miami,39109.0,4.0,53.9975,215.99
MN,Anoka,27003.0,5.0,42.629999999999995,213.14999999999998
VT,Bennington,50003.0,4.0,52.49,209.96
AZ,Maricopa,4013.0,5.0,41.94,209.7
MA,Norfolk,25021.0,4.0,52.065,208.26
NJ,Cumberland,34011.0,4.0,51.47,205.88
UT,Davis,49011.0,4.0,49.985,199.94
CA,San Bernardino,6071.0,5.0,39.354,196.76999999999998
FL,Escambia,12033.0,4.0,48.9475,195.79
MI,Macomb,26099.0,4.0,48.730000000000004,194.92000000000002
NH,Strafford,33017.0,4.0,48.4075,193.63
IL,Lake,17097.0,5.0,37.606,188.03
NH,Hillsborough,33011.0,5.0,37.410000000000004,187.05
WA,Clark,53011.0,4.0,46.6075,186.43
CA,Sacramento,6067.0,4.0,46.480000000000004,185.92000000000002
CA,San Joaquin,6077.0,4.0,46.46,185.84
MI,Kalamazoo,26077.0,5.0,37.042,185.21
MA,Essex,25009.0,4.0,45.4,181.6
WA,Benton,53005.0,3.0,60.22,180.66
CT,New Haven,9009.0,4.0,44.905,179.62
NY,Broome,36007.0,5.0,35.714,178.57
NC,Gaston,37071.0,4.0,43.875,175.5
MD,Cecil,24015.0,4.0,43.6625,174.65
VA,Portsmouth city,51740.0,4.0,43.0475,172.19
WI,Dane,55025.0,5.0,34.402,172.01
WI,Waukesha,55133.0,4.0,42.7475,170.99
HI,Honolulu,15003.0,3.0,56.94,170.82
OR,Multnomah,41051.0,3.0,56.90333333333333,170.70999999999998
PA,Adams,42001.0,4.0,41.1325,164.53
UT,Tooele,49045.0,3.0,54.376666666666665,163.13
MN,Ramsey,27123.0,3.0,54.18,162.54
SC,Beaufort,45013.0,3.0,51.86666666666667,155.6
ME,Cumberland,23005.0,3.0,51.449999999999996,154.35
MT,Cascade,30013.0,3.0,51.419999999999995,154.26
MN,Hennepin,27053.0,4.0,38.415,153.66
NJ,Hudson,34017.0,4.0,38.04,152.16
NE,Hall,31079.0,3.0,50.376666666666665,151.13
MD,Prince George's,24033.0,3.0,50.050000000000004,150.15
MO,Newton,29145.0,3.0,50.0,150.0
VT,Orange,50017.0,3.0,50.0,150.0
PA,Mercer,42085.0,3.0,48.64333333333334,145.93
PA,Allegheny,42003.0,3.0,47.95333333333334,143.86
OH,Ashtabula,39007.0,4.0,35.715,142.86
PA,Lehigh,42077.0,3.0,47.51333333333333,142.54
CA,Alameda,6001.0,3.0,47.413333333333334,142.24
NE,Adams,31001.0,3.0,47.413333333333334,142.24
IL,LaSalle,17099.0,3.0,47.35333333333333,142.06
NC,Wake,37183.0,3.0,46.75,140.25
PA,Delaware,42045.0,3.0,46.11333333333334,138.34
PA,Luzerne,42079.0,3.0,45.53,136.59
NC,Moore,37125.0,3.0,45.24,135.72
GA,Glynn,13127.0,3.0,45.19,135.57
TX,Ector,48135.0,3.0,45.15,135.45
NM,Cibola,35006.0,3.0,44.73666666666667,134.21
IN,Marion,18097.0,3.0,44.67666666666667,134.03
FL,Orange,12095.0,3.0,44.63666666666666,133.91
NY,Ulster,36111.0,3.0,44.629999999999995,133.89
MO,St. Louis,29189.0,4.0,33.057500000000005,132.23000000000002
CO,Denver,8031.0,3.0,44.01333333333333,132.04
NY,Niagara,36063.0,3.0,43.373333333333335,130.12
IN,St. Joseph,18141.0,3.0,42.949999999999996,128.85
MO,Greene,29077.0,3.0,42.843333333333334,128.53
NM,Bernalillo,35001.0,3.0,42.833333333333336,128.5
NJ,Sussex,34037.0,3.0,42.62,127.86
OH,Greene,39057.0,2.0,63.59,127.18
MD,Harford,24025.0,3.0,41.65333333333333,124.96
CA,Stanislaus,6099.0,3.0,41.61666666666667,124.85
IA,Polk,19153.0,3.0,41.24333333333333,123.73
NY,Cattaraugus,36009.0,3.0,40.98666666666667,122.96000000000001
RI,Washington,44009.0,3.0,40.876666666666665,122.63
MI,Ingham,26065.0,3.0,40.26333333333333,120.78999999999999
ME,Penobscot,23019.0,2.0,60.355,120.71
NJ,Hunterdon,34019.0,3.0,39.85,119.55
SC,Lexington,45063.0,3.0,39.02,117.06
CT,Windham,9015.0,3.0,38.906666666666666,116.72
WI,Rock,55105.0,2.0,57.915,115.83
GA,Dougherty,13095.0,3.0,38.553333333333335,115.66
SC,Greenville,45045.0,3.0,38.46,115.38
MI,Calhoun,26025.0,3.0,38.02333333333333,114.07
IL,DuPage,17043.0,3.0,37.589999999999996,112.77
NY,Delaware,36025.0,3.0,37.586666666666666,112.75999999999999
WI,Sheboygan,55117.0,3.0,37.31666666666666,111.94999999999999
MT,Lewis and Clark,30049.0,2.0,55.825,111.65
AL,Madison,1089.0,2.0,55.71,111.42
IN,LaPorte,18091.0,2.0,55.48,110.96
CA,Riverside,6065.0,3.0,36.98,110.94
MI,Gratiot,26057.0,3.0,36.776666666666664,110.33
PA,York,42133.0,3.0,36.29,108.87
IL,Madison,17119.0,3.0,36.13666666666666,108.41
VA,Suffolk city,51800.0,2.0,53.795,107.59
MO,Jefferson,29099.0,2.0,53.745,107.49
CO,Jefferson,8059.0,2.0,53.625,107.25
NC,Buncombe,37021.0,3.0,35.74333333333333,107.23
IL,Will,17197.0,3.0,35.583333333333336,106.75
ID,Caribou,16029.0,2.0,53.34,106.68
PR,Arecibo Municipio,72013.0,2.0,53.33,106.66
WV,Marion,54049.0,2.0,52.825,105.65
IL,Boone,17007.0,2.0,52.745,105.49
IN,Monroe,18105.0,3.0,34.93,104.78999999999999
WA,Lewis,53041.0,3.0,34.81666666666666,104.44999999999999
CA,Ventura,6111.0,2.0,52.16,104.32
TX,Bowie,48037.0,3.0,34.449999999999996,103.35
NC,Haywood,37087.0,2.0,51.19,102.38
MI,Berrien,26021.0,3.0,33.71,101.13
AR,Union,5139.0,2.0,50.015,100.03
FL,Seminole,12117.0,2.0,50.0,100.0
GA,Richmond,13245.0,2.0,50.0,100.0
MO,Franklin,29071.0,2.0,50.0,100.0
NM,Chaves,35005.0,2.0,50.0,100.0
NY,Kings,36047.0,2.0,50.0,100.0
NY,Rensselaer,36083.0,2.0,50.0,100.0
OR,Lane,41039.0,2.0,50.0,100.0
SC,Charleston,45019.0,2.0,50.0,100.0
TX,Midland,48329.0,2.0,50.0,100.0
VA,Newport News city,51700.0,2.0,50.0,100.0
GA,Bibb,13021.0,2.0,49.485,98.97
LA,Jefferson Davis Parish,22053.0,2.0,49.1,98.2
TX,Jasper,48241.0,2.0,49.0,98.0
NY,Oswego,36075.0,3.0,32.63,97.89
KS,Johnson,20091.0,2.0,48.730000000000004,97.46000000000001
PA,Clinton,42035.0,2.0,48.635000000000005,97.27000000000001
NJ,Union,34039.0,2.0,48.565,97.13
NY,Jefferson,36045.0,2.0,48.515,97.03
MO,Clay,29047.0,2.0,48.405,96.81
MT,Silver Bow,30093.0,2.0,48.394999999999996,96.78999999999999
VA,York,51199.0,2.0,48.230000000000004,96.46000000000001
FL,Martin,12085.0,2.0,47.96,95.92
AK,Anchorage Municipality,2020.0,2.0,47.955,95.91
PA,Northampton,42095.0,2.0,47.19,94.38
OH,Lawrence,39087.0,2.0,46.69,93.38
NE,York,31185.0,2.0,46.665,93.33
CO,Adams,8001.0,2.0,46.64,93.28
AL,Washington,1129.0,2.0,46.565,93.13
OH,Hamilton,39061.0,2.0,46.405,92.81
IN,Boone,18011.0,2.0,46.239999999999995,92.47999999999999
MI,Wexford,26165.0,2.0,45.935,91.87
MN,Washington,27163.0,2.0,45.665,91.33
NE,Madison,31119.0,2.0,45.4,90.8
AK,Fairbanks North Star Borough,2090.0,2.0,45.269999999999996,90.53999999999999
TX,Tarrant,48439.0,2.0,44.96,89.92
PA,Carbon,42025.0,2.0,44.754999999999995,89.50999999999999
MI,Ionia,26067.0,2.0,44.65,89.3
OH,Stark,39151.0,2.0,44.605000000000004,89.21000000000001
MO,St. Charles,29183.0,2.0,44.43,88.86
TX,Bexar,48029.0,2.0,44.425,88.85
CA,Contra Costa,6013.0,2.0,44.245000000000005,88.49000000000001
PA,Erie,42049.0,2.0,44.1,88.2
SC,York,45091.0,2.0,43.695,87.39
NY,Genesee,36037.0,2.0,43.635000000000005,87.27000000000001
MA,Worcester,25027.0,2.0,43.519999999999996,87.03999999999999
NC,Granville,37077.0,2.0,43.515,87.03
CA,Kern,6029.0,2.0,43.489999999999995,86.97999999999999
NY,Chemung,36015.0,2.0,43.16,86.32
TX,Montgomery,48339.0,2.0,42.644999999999996,85.28999999999999
CA,Siskiyou,6093.0,2.0,42.53,85.06
CA,Yolo,6113.0,2.0,42.519999999999996,85.03999999999999
MO,St. Francois,29187.0,1.0,84.91,84.91
PA,Philadelphia,42101.0,2.0,41.715,83.43
NY,Orleans,36073.0,2.0,41.45,82.9
IN,Howard,18067.0,2.0,40.925,81.85
KY,Fleming,21069.0,2.0,40.855000000000004,81.71000000000001
SC,Spartanburg,45083.0,2.0,40.725,81.45
MI,Oakland,26125.0,2.0,40.595,81.19
VA,Chesterfield,51041.0,2.0,40.144999999999996,80.28999999999999
CA,Monterey,6053.0,2.0,40.085,80.17
NC,New Hanover,37129.0,2.0,40.085,80.17
MD,Baltimore city,24510.0,2.0,40.075,80.15
IL,Montgomery,17135.0,2.0,40.0,80.0
TX,Liberty,48291.0,2.0,39.97,79.94
WI,Dodge,55027.0,2.0,39.885,79.77
PA,Lancaster,42071.0,2.0,39.88,79.76
FL,Volusia,12127.0,2.0,39.83,79.66
ME,York,23031.0,2.0,39.745,79.49
CA,Orange,6059.0,2.0,39.6,79.2
NC,Brunswick,37019.0,2.0,39.57,79.14
AL,Mobile,1097.0,2.0,39.55500000000001,79.11000000000001
CO,Boulder,8013.0,2.0,39.53,79.06
TX,Galveston,48167.0,2.0,39.25,78.5
LA,St. Tammany Parish,22103.0,2.0,38.894999999999996,77.78999999999999
VT,Chittenden,50007.0,2.0,38.489999999999995,76.97999999999999
NE,Platte,31141.0,2.0,38.405,76.81
WI,Monroe,55081.0,2.0,38.269999999999996,76.53999999999999
MN,St. Louis,27137.0,2.0,37.915,75.83
NM,McKinley,35031.0,2.0,37.3,74.6
DE,Sussex,10005.0,2.0,37.05,74.1
NY,Orange,36071.0,2.0,36.805,73.61
DE,Kent,10001.0,2.0,36.75,73.5
WI,Marathon,55073.0,2.0,36.575,73.15
CT,New London,9011.0,2.0,36.53,73.06
AR,Yell,5149.0,2.0,36.35,72.7
IL,Cook,17031.0,2.0,36.165,72.33
OR,Yamhill,41071.0,1.0,71.78,71.78
PA,Franklin,42055.0,2.0,35.86,71.72
IL,Bureau,17011.0,1.0,70.71,70.71
NC,Craven,37049.0,1.0,70.71,70.71
NC,Henderson,37089.0,1.0,70.71,70.71
PA,Columbia,42037.0,1.0,70.71,70.71
NY,St. Lawrence,36089.0,2.0,35.035,70.07
PA,Monroe,42089.0,2.0,34.965,69.93
WA,Whatcom,53073.0,1.0,69.34,69.34
IA,Cerro Gordo,19033.0,1.0,69.33,69.33
NY,Saratoga,36091.0,2.0,34.55,69.1
WI,Manitowoc,55071.0,2.0,34.325,68.65
CT,Fairfield,9001.0,2.0,34.21,68.42
MT,Flathead,30029.0,1.0,68.39,68.39
SC,Barnwell,45011.0,1.0,68.26,68.26
NC,Iredell,37097.0,2.0,33.980000000000004,67.96000000000001
NC,Cumberland,37051.0,2.0,33.925,67.85
KY,Bullitt,21029.0,2.0,33.254999999999995,66.50999999999999
KY,Marshall,21157.0,2.0,33.15,66.3
MT,Lincoln,30053.0,2.0,33.085,66.17
AR,Pulaski,5119.0,1.0,65.46,65.46
SC,Richland,45079.0,2.0,32.22,64.44
VA,Henrico,51087.0,2.0,32.025,64.05
MO,Jackson,29095.0,2.0,31.735,63.47
MI,Livingston,26093.0,2.0,31.405,62.81
NC,Onslow,37133.0,2.0,31.12,62.24
MS,Winston,28159.0,1.0,62.2,62.2
MT,Jefferson,30043.0,1.0,61.15,61.15
OH,Butler,39017.0,2.0,29.365000000000002,58.730000000000004
MT,Deer Lodge,30023.0,1.0,58.71,58.71
MO,Madison,29123.0,1.0,58.41,58.41
CA,Amador,6005.0,1.0,58.31,58.31
NY,Washington,36115.0,1.0,58.21,58.21
KS,Cherokee,20021.0,1.0,58.15,58.15
OK,Ottawa,40115.0,1.0,58.15,58.15
TN,Gibson,47053.0,1.0,58.15,58.15
AZ,Pima,4019.0,1.0,57.8,57.8
ID,Bannock,16005.0,1.0,57.8,57.8
ID,Elmore,16039.0,1.0,57.8,57.8
KY,McCracken,21145.0,1.0,56.95,56.95
IL,Lawrence,17101.0,1.0,56.67,56.67
MO,Iron,29093.0,1.0,56.67,56.67
CA,Shasta,6089.0,1.0,56.16,56.16
CO,Lake,8065.0,1.0,55.84,55.84
AL,Henry,1067.0,1.0,55.61,55.61
ID,Shoshone,16079.0,1.0,54.76,54.76
OR,Linn,41043.0,1.0,54.27,54.27
WV,Marshall,54051.0,1.0,53.98,53.98
NY,Allegany,36003.0,1.0,53.9,53.9
VA,Albemarle,51003.0,1.0,53.17,53.17
NJ,Salem,34033.0,1.0,52.96,52.96
MN,Cass,27021.0,1.0,52.88,52.88
KY,McLean,21149.0,1.0,52.73,52.73
AZ,Yavapai,4025.0,1.0,52.69,52.69
NJ,Passaic,34031.0,1.0,52.58,52.58
MS,Lowndes,28087.0,1.0,52.47,52.47
VT,Caledonia,50005.0,1.0,52.29,52.29
OH,Portage,39133.0,1.0,52.28,52.28
MI,Allegan,26005.0,1.0,52.15,52.15
IA,Clinton,19045.0,1.0,52.11,52.11
MI,Mason,26105.0,1.0,51.97,51.97
AL,Calhoun,1015.0,1.0,51.91,51.91
ID,Bonneville,16019.0,1.0,51.91,51.91
MI,Manistee,26101.0,1.0,51.91,51.91
GA,Houston,13153.0,1.0,51.66,51.66
MD,Anne Arundel,24003.0,1.0,51.44,51.44
CO,Clear Creek,8019.0,1.0,51.39,51.39
AK,Aleutians West Census Area,2016.0,1.0,51.37,51.37
NY,Cortland,36023.0,1.0,51.35,51.35
MT,Mineral,30061.0,1.0,51.33,51.33
TX,Potter,48375.0,1.0,51.22,51.22
TN,Anderson,47001.0,1.0,51.13,51.13
OR,Clackamas,41005.0,1.0,51.09,51.09
MS,Pearl River,28109.0,1.0,51.03,51.03
OK,McClain,40087.0,1.0,51.01,51.01
MI,Ogemaw,26129.0,1.0,50.92,50.92
LA,Winn Parish,22127.0,1.0,50.7,50.7
IL,McHenry,17111.0,1.0,50.1,50.1
VA,King George,51099.0,1.0,50.03,50.03
AK,Prince of Wales-Hyder Census Area,2201.0,1.0,50.0,50.0
AR,Clark,5019.0,1.0,50.0,50.0
AR,Ouachita,5103.0,1.0,50.0,50.0
CA,Alpine,6003.0,1.0,50.0,50.0
CA,San Luis Obispo,6079.0,1.0,50.0,50.0
CO,Gunnison,8051.0,1.0,50.0,50.0
CO,Pueblo,8101.0,1.0,50.0,50.0
CO,Rio Grande,8105.0,1.0,50.0,50.0
CO,San Juan,8111.0,1.0,50.0,50.0
FL,Bay,12005.0,1.0,50.0,50.0
FL,Palm Beach,12099.0,1.0,50.0,50.0
FL,Pasco,12101.0,1.0,50.0,50.0
FL,Pinellas,12103.0,1.0,50.0,50.0
FL,Polk,12105.0,1.0,50.0,50.0
FL,Santa Rosa,12113.0,1.0,50.0,50.0
GA,Mitchell,13205.0,1.0,50.0,50.0
IA,Cass,19029.0,1.0,50.0,50.0
IL,Vermilion,17183.0,1.0,50.0,50.0
IN,Bartholomew,18005.0,1.0,50.0,50.0
IN,Morgan,18109.0,1.0,50.0,50.0
KS,Allen,20001.0,1.0,50.0,50.0
KS,Barton,20009.0,1.0,50.0,50.0
KS,Ford,20057.0,1.0,50.0,50.0
KS,Sedgwick,20173.0,1.0,50.0,50.0
KS,Thomas,20193.0,1.0,50.0,50.0
KY,Harlan,21095.0,1.0,50.0,50.0
LA,Orleans Parish,22071.0,1.0,50.0,50.0
LA,Union Parish,22111.0,1.0,50.0,50.0
LA,Washington Parish,22117.0,1.0,50.0,50.0
MD,Baltimore,24005.0,1.0,50.0,50.0
MD,Charles,24017.0,1.0,50.0,50.0
MD,St. Mary's,24037.0,1.0,50.0,50.0
MD,Washington,24043.0,1.0,50.0,50.0
ME,Hancock,23009.0,1.0,50.0,50.0
ME,Washington,23029.0,1.0,50.0,50.0
MI,Wayne,26163.0,1.0,50.0,50.0
MO,Maries,29125.0,1.0,50.0,50.0
NC,Ashe,37009.0,1.0,50.0,50.0
NC,Person,37145.0,1.0,50.0,50.0
NE,Butler,31023.0,1.0,50.0,50.0
NE,Douglas,31055.0,1.0,50.0,50.0
NE,Keith,31101.0,1.0,50.0,50.0
NH,Cheshire,33005.0,1.0,50.0,50.0
NM,Doña Ana,35013.0,1.0,50.0,50.0
NM,Rio Arriba,35039.0,1.0,50.0,50.0
NM,Socorro,35053.0,1.0,50.0,50.0
NM,Taos,35055.0,1.0,50.0,50.0
NY,Cayuga,36011.0,1.0,50.0,50.0
NY,Onondaga,36067.0,1.0,50.0,50.0
NY,Queens,36081.0,1.0,50.0,50.0
OH,Clermont,39025.0,1.0,50.0,50.0
OH,Summit,39153.0,1.0,50.0,50.0
OH,Warren,39165.0,1.0,50.0,50.0
OK,Creek,40037.0,1.0,50.0,50.0
OK,Tulsa,40143.0,1.0,50.0,50.0
OR,Lake,41037.0,1.0,50.0,50.0
PA,Cumberland,42041.0,1.0,50.0,50.0
PR,Bayamón Municipio,72021.0,1.0,50.0,50.0
PR,Cabo Rojo Municipio,72023.0,1.0,50.0,50.0
PR,Dorado Municipio,72051.0,1.0,50.0,50.0
PR,Maunabo Municipio,72095.0,1.0,50.0,50.0
PR,Naranjito Municipio,72105.0,1.0,50.0,50.0
PR,San Germán Municipio,72125.0,1.0,50.0,50.0
SC,Chesterfield,45025.0,1.0,50.0,50.0
SC,McCormick,45065.0,1.0,50.0,50.0
SD,Lawrence,46081.0,1.0,50.0,50.0
TN,Crockett,47033.0,1.0,50.0,50.0
TN,Knox,47093.0,1.0,50.0,50.0
TX,Brazoria,48039.0,1.0,50.0,50.0
TX,Burnet,48053.0,1.0,50.0,50.0
TX,Calhoun,48057.0,1.0,50.0,50.0
TX,Dallas,48113.0,1.0,50.0,50.0
TX,Hidalgo,48215.0,1.0,50.0,50.0
TX,Jefferson,48245.0,1.0,50.0,50.0
TX,Nueces,48355.0,1.0,50.0,50.0
TX,Ochiltree,48357.0,1.0,50.0,50.0
TX,Parker,48367.0,1.0,50.0,50.0
TX,San Patricio,48409.0,1.0,50.0,50.0
TX,Winkler,48495.0,1.0,50.0,50.0
UT,Juab,49023.0,1.0,50.0,50.0
VA,Alleghany,51005.0,1.0,50.0,50.0
VA,Chesapeake city,51550.0,1.0,50.0,50.0
VA,Hampton city,51650.0,1.0,50.0,50.0
VA,Loudoun,51107.0,1.0,50.0,50.0
VA,Norfolk city,51710.0,1.0,50.0,50.0
VA,Prince William,51153.0,1.0,50.0,50.0
VA,Virginia Beach city,51810.0,1.0,50.0,50.0
WA,Clallam,53009.0,1.0,50.0,50.0
WA,Grant,53025.0,1.0,50.0,50.0
WA,Stevens,53065.0,1.0,50.0,50.0
WA,Thurston,53067.0,1.0,50.0,50.0
WI,Ashland,55003.0,1.0,50.0,50.0
WI,Burnett,55013.0,1.0,50.0,50.0
WV,Jackson,54035.0,1.0,50.0,50.0
WV,Mineral,54057.0,1.0,50.0,50.0
WV,Wood,54107.0,1.0,50.0,50.0
MD,Frederick,24021.0,1.0,49.52,49.52
CT,Tolland,9013.0,1.0,49.1,49.1
TX,Gregg,48183.0,1.0,49.1,49.1
NC,Cleveland,37045.0,1.0,48.98,48.98
IL,Jo Daviess,17085.0,1.0,48.97,48.97
WI,Calumet,55015.0,1.0,48.92,48.92
WI,Brown,55009.0,1.0,48.91,48.91
IL,Clark,17023.0,1.0,48.78,48.78
CA,San Francisco,6075.0,1.0,48.77,48.77
DC,District of Columbia,11001.0,1.0,48.57,48.57
MS,Forrest,28035.0,1.0,48.57,48.57
MI,Antrim,26009.0,1.0,48.55,48.55
CO,Arapahoe,8005.0,1.0,48.36,48.36
NY,Fulton,36035.0,1.0,48.36,48.36
LA,Terrebonne Parish,22109.0,1.0,48.05,48.05
CO,Mineral,8079.0,1.0,48.03,48.03
MS,Madison,28089.0,1.0,48.03,48.03
NC,Columbus,37047.0,1.0,48.03,48.03
OH,Marion,39101.0,1.0,48.03,48.03
TN,Roane,47145.0,1.0,48.03,48.03
WV,Harrison,54033.0,1.0,48.03,48.03
NC,Yadkin,37197.0,1.0,48.0,48.0
TX,Kaufman,48257.0,1.0,48.0,48.0
TX,Tom Green,48451.0,1.0,48.0,48.0
TN,Hardeman,47069.0,1.0,47.71,47.71
FL,Washington,12133.0,1.0,47.7,47.7
NY,Franklin,36033.0,1.0,47.7,47.7
SC,Aiken,45003.0,1.0,47.7,47.7
WA,Island,53029.0,1.0,47.58,47.58
CO,Eagle,8037.0,1.0,47.19,47.19
OH,Columbiana,39029.0,1.0,47.19,47.19
NC,Richmond,37153.0,1.0,47.1,47.1
WI,Ozaukee,55089.0,1.0,46.86,46.86
MN,Crow Wing,27035.0,1.0,46.77,46.77
MI,Houghton,26061.0,1.0,46.72,46.72
NC,Rowan,37159.0,1.0,46.51,46.51
TX,Runnels,48399.0,1.0,46.5,46.5
OH,Monroe,39111.0,1.0,46.44,46.44
PA,Montour,42093.0,1.0,46.44,46.44
TN,Lawrence,47099.0,1.0,46.44,46.44
OH,Clark,39023.0,1.0,46.4,46.4
PA,Lebanon,42075.0,1.0,46.25,46.25
IA,Dubuque,19061.0,1.0,46.24,46.24
MO,Jasper,29097.0,1.0,46.2,46.2
OK,Caddo,40015.0,1.0,46.01,46.01
MA,Barnstable,25001.0,1.0,45.92,45.92
MN,Dakota,27037.0,1.0,45.91,45.91
VA,Culpeper,51047.0,1.0,45.91,45.91
AR,Polk,5113.0,1.0,45.87,45.87
MT,Yellowstone,30111.0,1.0,45.69,45.69
UT,Weber,49057.0,1.0,45.1,45.1
PA,Centre,42027.0,1.0,45.09,45.09
CT,Hartford,9003.0,1.0,44.93,44.93
KY,Hardin,21093.0,1.0,44.77,44.77
CA,Mendocino,6045.0,1.0,44.73,44.73
NY,Rockland,36087.0,1.0,44.73,44.73
NY,Albany,36001.0,1.0,44.58,44.58
AL,Montgomery,1101.0,1.0,44.46,44.46
WA,Franklin,53021.0,1.0,44.46,44.46
CA,Lake,6033.0,1.0,44.42,44.42
FL,Lake,12069.0,1.0,44.03,44.03
KY,Ohio,21183.0,1.0,43.84,43.84
MO,Lawrence,29109.0,1.0,43.78,43.78
MT,Missoula,30063.0,1.0,43.78,43.78
IL,Williamson,17199.0,1.0,43.7,43.7
CO,Montrose,8085.0,1.0,43.53,43.53
AL,Jefferson,1073.0,1.0,42.86,42.86
IL,Kane,17089.0,1.0,42.76,42.76
MI,Emmet,26047.0,1.0,42.68,42.68
MN,Blue Earth,27013.0,1.0,42.49,42.49
IN,Allen,18003.0,1.0,42.47,42.47
WI,La Crosse,55063.0,1.0,42.47,42.47
TX,Hockley,48219.0,1.0,42.41,42.41
WI,Eau Claire,55035.0,1.0,42.39,42.39
IN,Whitley,18183.0,1.0,42.33,42.33
GA,Peach,13225.0,1.0,42.24,42.24
IA,Linn,19113.0,1.0,42.24,42.24
IN,Tippecanoe,18157.0,1.0,42.24,42.24
MI,St. Joseph,26149.0,1.0,42.24,42.24
OK,Oklahoma,40109.0,1.0,42.24,42.24
PA,Lycoming,42081.0,1.0,42.24,42.24
PR,Vega Alta Municipio,72143.0,1.0,42.24,42.24
IL,Carroll,17015.0,1.0,42.2,42.2
IL,Kankakee,17091.0,1.0,42.04,42.04
PR,Barceloneta Municipio,72017.0,1.0,41.92,41.92
VT,Windham,50025.0,1.0,41.92,41.92
LA,East Baton Rouge Parish,22033.0,1.0,41.44,41.44
PA,Blair,42013.0,1.0,41.08,41.08
TX,Hunt,48231.0,1.0,40.81,40.81
MO,Scott,29201.0,1.0,40.7,40.7
VA,Buckingham,51029.0,1.0,40.7,40.7
IN,Knox,18083.0,1.0,40.63,40.63
NJ,Cape May,34009.0,1.0,40.45,40.45
NC,Mecklenburg,37119.0,1.0,40.43,40.43
NC,Beaufort,37013.0,1.0,40.39,40.39
PA,Mifflin,42087.0,1.0,40.37,40.37
MI,Lake,26085.0,1.0,40.03,40.03
WI,Kewaunee,55061.0,1.0,39.99,39.99
TX,Harrison,48203.0,1.0,39.83,39.83
MI,Ottawa,26139.0,1.0,39.66,39.66
MS,Coahoma,28027.0,1.0,39.43,39.43
OH,Guernsey,39059.0,1.0,39.42,39.42
NM,San Juan,35045.0,1.0,39.37,39.37
WY,Laramie,56021.0,1.0,39.23,39.23
AZ,Cochise,4003.0,1.0,39.09,39.09
NV,Lyon,32019.0,1.0,39.07,39.07
WI,Green Lake,55047.0,1.0,39.04,39.04
NM,Lincoln,35027.0,1.0,38.93,38.93
WA,Yakima,53077.0,1.0,38.8,38.8
MA,Hampden,25013.0,1.0,38.66,38.66
MI,Genesee,26049.0,1.0,38.64,38.64
NH,Carroll,33003.0,1.0,38.45,38.45
MI,Clare,26035.0,1.0,38.43,38.43
MS,Harrison,28047.0,1.0,38.4,38.4
MT,Gallatin,30031.0,1.0,38.29,38.29
CT,Litchfield,9005.0,1.0,38.05,38.05
IA,Jefferson,19101.0,1.0,38.05,38.05
MN,Otter Tail,27111.0,1.0,37.98,37.98
CA,Merced,6047.0,1.0,37.93,37.93
FL,Madison,12079.0,1.0,37.93,37.93
NC,Cabarrus,37025.0,1.0,37.93,37.93
NY,Putnam,36079.0,1.0,37.93,37.93
OR,Wasco,41065.0,1.0,37.93,37.93
MN,Rice,27131.0,1.0,37.87,37.87
TN,Fayette,47047.0,1.0,37.65,37.65
SC,Pickens,45077.0,1.0,37.63,37.63
MI,Iosco,26069.0,1.0,37.29,37.29
VA,Westmoreland,51193.0,1.0,37.15,37.15
AL,Talladega,1121.0,1.0,36.83,36.83
FL,Alachua,12001.0,1.0,36.69,36.69
FL,Gadsden,12039.0,1.0,36.33,36.33
WV,Kanawha,54039.0,1.0,36.3,36.3
TN,Hickman,47081.0,1.0,36.14,36.14
UT,San Juan,49037.0,1.0,35.86,35.86
ME,Kennebec,23011.0,1.0,35.62,35.62
WV,Monongalia,54061.0,1.0,35.62,35.62
GA,Polk,13233.0,1.0,35.6,35.6
OH,Muskingum,39119.0,1.0,35.59,35.59
FL,Brevard,12009.0,1.0,35.57,35.57
MI,Leelanau,26089.0,1.0,35.53,35.53
IN,Vanderburgh,18163.0,1.0,35.52,35.52
NY,Seneca,36099.0,1.0,35.52,35.52
MI,Lapeer,26087.0,1.0,35.51,35.51
VA,Warren,51187.0,1.0,35.39,35.39
IN,Grant,18053.0,1.0,35.25,35.25
TN,Madison,47113.0,1.0,35.22,35.22
OH,Belmont,39013.0,1.0,35.1,35.1
PA,Bradford,42015.0,1.0,34.79,34.79
VT,Windsor,50027.0,1.0,34.79,34.79
IL,Knox,17095.0,1.0,34.78,34.78
NY,Chenango,36017.0,1.0,34.78,34.78
VA,Nelson,51125.0,1.0,34.78,34.78
CA,Sonoma,6097.0,1.0,34.7,34.7
PR,Utuado Municipio,72141.0,1.0,34.69,34.69
KY,Jefferson,21111.0,1.0,34.62,34.62
OH,Gallia,39053.0,1.0,34.56,34.56
ME,Aroostook,23003.0,1.0,34.49,34.49
VA,Spotsylvania,51177.0,1.0,34.24,34.24
WI,Taylor,55119.0,1.0,34.24,34.24
CA,Tulare,6107.0,1.0,34.21,34.21
IL,Adams,17001.0,1.0,34.21,34.21
KY,Logan,21141.0,1.0,34.21,34.21
WI,Sauk,55111.0,1.0,34.21,34.21
NY,Oneida,36065.0,1.0,34.2,34.2
IN,Kosciusko,18085.0,1.0,34.1,34.1
CT,Middlesex,9007.0,1.0,33.94,33.94
IL,Ogle,17141.0,1.0,33.93,33.93
MI,Branch,26023.0,1.0,33.93,33.93
SC,Allendale,45005.0,1.0,33.89,33.89
CA,San Diego,6073.0,1.0,33.79,33.79
KS,Geary,20061.0,1.0,33.79,33.79
LA,Livingston Parish,22063.0,1.0,33.79,33.79
PA,Susquehanna,42115.0,1.0,33.74,33.74
CA,Butte,6007.0,1.0,33.73,33.73
FL,Jackson,12063.0,1.0,33.73,33.73
CA,Nevada,6057.0,1.0,33.66,33.66
MI,Cass,26027.0,1.0,33.66,33.66
KS,Cowley,20035.0,1.0,33.62,33.62
KS,Reno,20155.0,1.0,33.62,33.62
NY,Livingston,36051.0,1.0,33.62,33.62
PA,Crawford,42039.0,1.0,33.62,33.62
SD,Meade,46093.0,1.0,33.62,33.62
NY,Greene,36039.0,1.0,33.61,33.61
MA,Berkshire,25003.0,1.0,33.03,33.03
OH,Washington,39167.0,1.0,33.03,33.03
PR,Juncos Municipio,72077.0,1.0,32.57,32.57
TX,Swisher,48437.0,1.0,32.33,32.33
ME,Androscoggin,23001.0,1.0,32.25,32.25
RI,Newport,44005.0,1.0,32.25,32.25
AZ,Yuma,4027.0,1.0,32.24,32.24
WI,Milwaukee,55079.0,1.0,32.14,32.14
ME,Knox,23013.0,1.0,32.11,32.11
NY,Sullivan,36105.0,1.0,32.11,32.11
WY,Natrona,56025.0,1.0,32.1,32.1
IA,Jasper,19099.0,1.0,32.04,32.04
SC,Chester,45023.0,1.0,32.04,32.04
MN,Stearns,27145.0,1.0,31.94,31.94
MN,Todd,27153.0,1.0,31.94,31.94
NE,Saunders,31155.0,1.0,31.94,31.94
CA,San Benito,6069.0,1.0,31.66,31.66
MS,Rankin,28121.0,1.0,31.66,31.66
MT,Stillwater,30095.0,1.0,31.66,31.66
SC,Cherokee,45021.0,1.0,31.58,31.58
OH,Tuscarawas,39157.0,1.0,31.38,31.38
MI,Eaton,26045.0,1.0,31.32,31.32
CO,Fremont,8043.0,1.0,31.31,31.31
OR,Umatilla,41059.0,1.0,31.31,31.31
MO,Cape Girardeau,29031.0,1.0,31.2,31.2
FL,Indian River,12061.0,1.0,31.13,31.13
OR,Benton,41003.0,1.0,31.07,31.07
PA,Schuylkill,42107.0,1.0,31.02,31.02
WI,Racine,55101.0,1.0,31.02,31.02
GA,Walker,13295.0,1.0,30.78,30.78
MD,Allegany,24001.0,1.0,30.54,30.54
NH,Coos,33007.0,1.0,30.54,30.54
NY,Clinton,36019.0,1.0,30.34,30.34
GA,Tift,13277.0,1.0,30.26,30.26
LA,Bossier Parish,22015.0,1.0,30.26,30.26
PA,Jefferson,42065.0,1.0,30.22,30.22
AL,Shelby,1117.0,1.0,30.2,30.2
KS,Butler,20015.0,1.0,30.16,30.16
MI,Chippewa,26033.0,1.0,30.16,30.16
TX,Waller,48473.0,1.0,30.16,30.16
VA,Pittsylvania,51143.0,1.0,30.16,30.16
IA,Floyd,19067.0,1.0,30.01,30.01
CA,Santa Barbara,6083.0,1.0,30.0,30.0
IL,Marion,17121.0,1.0,30.0,30.0
IL,St. Clair,17163.0,1.0,30.0,30.0
MN,Wadena,27159.0,1.0,29.81,29.81
IA,Des Moines,19057.0,1.0,29.73,29.73
VA,Smyth,51173.0,1.0,29.52,29.52
CA,Solano,6095.0,1.0,29.49,29.49
TN,Wayne,47181.0,1.0,29.44,29.44
OK,Payne,40119.0,1.0,29.34,29.34
KY,Daviess,21059.0,1.0,29.12,29.12
AR,Boone,5009.0,1.0,28.95,28.95
IL,Christian,17021.0,1.0,28.95,28.95
CA,Santa Cruz,6087.0,1.0,28.9,28.9
NJ,Warren,34041.0,1.0,28.9,28.9
WI,Walworth,55127.0,1.0,28.9,28.9
MO,Dunklin,29069.0,1.0,28.59,28.59
AR,Phillips,5107.0,1.0,28.5,28.5
IN,Jackson,18071.0,1.0,28.5,28.5
OR,Klamath,41035.0,1.0,28.5,28.5
PR,Vieques Municipio,72147.0,1.0,28.5,28.5
RI,Kent,44003.0,1.0,28.5,28.5
TN,Hamilton,47065.0,1.0,28.5,28.5
WI,Outagamie,55087.0,1.0,28.5,28.5
WV,Mason,54053.0,1.0,28.5,28.5
